{
  "timestamp": "2025-10-21T17:26:47.181845",
  "analysis_type": "comprehensive_real_data_analysis",
  "n_analyzed": 8,
  "results": [
    {
      "grb_name": "L251021110739F357373F39",
      "n_photons": 9371,
      "energy_range": [
        0.10001926869153976,
        58.664398193359375
      ],
      "time_range": [
        0.0,
        9376.621499598026
      ],
      "basic_correlations": {
        "pearson": {
          "r": -0.03350411685404079,
          "p": 0.0011794321969209353,
          "sigma": 3.2448056123400644
        },
        "spearman": {
          "r": -0.08378755676164061,
          "p": 4.50432252534459e-16,
          "sigma": 8.138717479305344
        },
        "kendall": {
          "r": -0.056143827270465164,
          "p": 3.612494893381691e-16
        }
      },
      "energy_subsets": {
        "low_energy": {
          "n_photons": 2343,
          "energy_range": [
            0.10001926869153976,
            0.1569240838289261
          ],
          "pearson_r": 0.010986054873465356,
          "pearson_p": 0.5950673152642029,
          "sigma": 0.5315800584691447,
          "significant": 