{
  "grb": "GRB130427A",
  "n_photons": 706,
  "energy_range": [
    0.10092784,
    33.314809999999994
  ],
  "time_range": [
    388599432.82292765,
    388695969.089727
  ],
  "observed_correlation": -0.033897391660851234,
  "observed_pvalue": 0.3684723524019875,
  "empirical_pvalue": 0.3768,
  "empirical_sigma": 0.8838077538299648,
  "bootstrap_mean": -0.03152493058664133,
  "bootstrap_std": 0.04337593191393155,
  "bootstrap_ci_95": [
    -0.10787545136540547,
    0.05867751862082003
  ],
  "bootstrap_ci_99": [
    -0.12547006842497518,
    0.08435524605504417
  ],
  "phase_analysis": {
    "early": {
      "r": -0.02062100633563752,
      "p": 0.6994222980117152,
      "sigma": 0.3861004210692393
    },
    "late": {
      "r": 0.04155956720185521,
      "p": 0.4363331026650648,
      "sigma": 0.7784002309555794
    }
  },
  "validation_status": "MARGINAL"
}