GRB,N_photons,E_max_GeV,Spearman_rho,P_value,Sigma
GRB090926A,24149,61.315715,0.09522499626286547,9.254016281124296e-50,inf
GRB090510,24139,58.6644,-0.03397724534826613,1.2904000128299903e-07,5.280204186817799
GRB090902B,11289,80.820984,-0.007895660890236602,0.401563688506524,0.8388318260488239
GRB130427A,706,33.314809999999994,-0.12153244755234022,0.00121440210108111,3.2354757274089403
GRB160625B,4152,71.88743,-0.012537024901110866,0.41930682549812315,0.8076244182869448
