grb_name,n_photons,global_significance,max_significance,best_technique,improvement,global_correlation,global_spearman
GRB080916C,29,0.5841324052726975,2.1411620489084204,phase_late,1.557029643635723,0.11241633380885849,0.10525916568597238
GRB090510,26,1.003081083956112,1.2877730972903645,phase_early,0.28469201333425254,0.2047530688608607,0.258787496097884
GRB090902B,590,0.5552274003135044,0.5552274003135044,percentile_high,0.0,-0.022897192073746988,-0.1030491625676203
GRB090926A,73,0.3185716997330577,0.3185716997330577,percentile_high,0.0,0.03780750500628326,-0.23896165587684204
GRB130427A,149,0.7651725479444584,1.0842056135696048,phase_early,0.31903306562514633,0.06311036807603498,-0.00938921093932887
GRB160625B,68,0.7797522347578919,1.7860834946282818,phase_early,1.00633125987039,-0.09598086517081558,-0.13355939629210495
