{
  "analysis_date": "2025-10-21T13:49:53.344819",
  "event_name": "GW170817 + GRB170817A",
  "gw_grb_results": {
    "n_grb_photons": 100,
    "n_gw_samples": 1000,
    "energy_range": [
      0.10253175528621097,
      5.657531276474922
    ],
    "time_range": [
      9.107589721679688e-05,
      0.5425457954406738
    ],
    "pearson_r": 0.025446870204803775,
    "pearson_p": 0.8015743760416618,
    "spearman_r": 0.07876387638763875,
    "spearman_p": 0.43601069902817646,
    "sigma": 0.2519927640581156,
    "permutation_p": 0.816,
    "bootstrap_ci": "[-0.1620363  0.1674617]",
    "ransac_slope": 0.11350932809627749,
    "ransac_inliers": "49",
    "ransac_inlier_ratio": 0.49,
    "significant": "False"
  },
  "grb_results": {
    "n_photons": 100,
    "energy_range": [
      0.10253175528621097,
      5.657531276474922
    ],
    "time_range": [
      9.107589721679688e-05,
      0.5425457954406738
    ],
    "pearson_r": 0.03324284040954109,
    "pearson_p": 0.7426548120747043,
    "spearman_r": -0.024194419441944195,
    "spearman_p": 0.8111541838865446,
    "sigma": 0.32926931613218985,
    "permutation_p": 0.755,
    "bootstrap_ci": "[-0.08239212  0.21013319]",
    "ransac_slope": -0.021147570954532804,
    "ransac_inliers": "53",
    "ransac_inlier_ratio": 0.53,
    "E_QG_GeV": 0.006753906375006164,
    "E_QG_Planck": 5.535988831972265e-22,
    "significant": "False"
  }
}