Analysis,Photons,Correlation,Significance,P_value,RANSAC_slope,RANSAC_inliers,RANSAC_inlier_ratio,Significant,E_QG_GeV,E_QG_Planck
GW+GRB Correlation,100,0.025446870204803775,0.2519927640581156,0.816,0.11350932809627749,49,0.49,False,,
GRB Energy-Time,100,0.03324284040954109,0.32926931613218985,0.755,-0.021147570954532804,53,0.53,False,0.006753906375006164,5.535988831972265e-22
