{
  "timestamp": "2025-10-21T01:54:39.669504",
  "grb_name": "GRB090902",
  "filename": "L251020161615F357373F52_EV00.fits",
  "n_events": 3972,
  "validation_results": {
    "robustness": {
      "extreme_energy_filters": {
        "filter_0.01_gev": {
          "filter_gev": 0.01,
          "n_photons": 3972,
          "correlation": -0.08625484965863753,
          "significance": 5.455070519536267
        },
        "filter_0.05_gev": {
          "filter_gev": 0.05,
          "n_photons": 3972,
          "correlation": -0.08625484965863753,
          "significance": 5.455070519536267
        },
        "filter_0.1_gev": {
          "filter_gev": 0.1,
          "n_photons": 3972,
          "correlation": -0.08625484965863753,
          "significance": 5.455070519536267
        },
        "filter_0.2_gev": {
          "filter_gev": 0.2,
          "n_photons": 2147,
          "correlation": -0.09987124011926896,
          "significance": 4.648692813174238
        },
        "filter_0.5_gev": {
          "filter_gev": 0.5,
          "n_photons": 750,
          "correlation": -0.1342254722082755,
          "significance": 3.704534461500998
        },
        "filter_1.0_gev": {
          "filter_gev": 1.0,
          "n_photons": 259,
          "correlation": -0.11379508295545339,
          "significance": 1.8362014778787927
        },
        "filter_2.0_gev": {
          "filter_gev": 2.0,
          "n_photons": 90,
          "correlation": -0.07439031647441788,
          "significance": 0.6997819802287678
        },
        "filter_5.0_gev": {
          "filter_gev": 5.0,
          "n_photons": 27,
          "correlation": 0.037388771925672505,
          "significance": 0.1870746630889555
        }
      },
      "extreme_time_windows": {
        "window_200_s": {
          "window_s": 200,
          "n_photons": 29,
          "correlation": -0.21660830407464457,
          "significance": 1.152901260759569
        },
        "window_500_s": {
          "window_s": 500,
          "n_photons": 63,
          "correlation": 0.00021714824288225358,
          "significance": 0.001695982033580446
        },
        "window_1000_s": {
          "window_s": 1000,
          "n_photons": 587,
          "correlation": 0.006789017210393825,
          "significance": 0.1642082041071213
        },
        "window_2000_s": {
          "window_s": 2000,
          "n_photons": 3952,
          "correlation": -0.08702040587981553,
          "significance": 5.489973758560296
        },
        "window_5000_s": {
          "window_s": 5000,
          "n_photons": 3972,
          "correlation": -0.08625484965863753,
          "significance": 5.455070519536267
        },
        "window_10000_s": {
          "window_s": 10000,
          "n_photons": 3972,
          "correlation": -0.08625484965863753,
          "significance": 5.455070519536267
        },
        "window_20000_s": {
          "window_s": 20000,
          "n_photons": 3972,
          "correlation": -0.08625484965863753,
          "significance": 5.455070519536267
        },
        "window_50000_s": {
          "window_s": 50000,
          "n_photons": 3972,
          "correlation": -0.08625484965863753,
          "significance": 5.455070519536267
        }
      },
      "correlation_methods": {
        "pearson": {
          "correlation": -0.08625484965863753,
          "significance": 5.455070519536267
        },
        "spearman": {
          "correlation": -0.11577131027784021,
          "significance": 7.318672082230978,
          "p_value": 2.504367296081406e-13
        },
        "kendall": {
          "correlation": -0.07764145036408221,
          "significance": 7.336656928372618,
          "p_value": 2.1899500554302252e-13
        },
        "rank": {
          "correlation": -0.11577131027784021,
          "significance": 7.343892412776457
        }
      }
    },
    "bias": {
      "randomization": {
        "n_randomizations": 1000,
        "random_correlations_mean": -0.0005036011094122652,
        "random_correlations_std": 0.01641780142962885,
        "random_significances_mean": 0.8063458498325499,
        "random_significances_std": 0.6495976882730581
      },
      "bootstrap": {
        "n_bootstrap": 1000,
        "bootstrap_correlations_mean": -0.09516231942238489,
        "bootstrap_correlations_std": 0.028355105603296224,
        "bootstrap_significances_mean": 6.031040823052335,
        "bootstrap_significances_std": 1.8159703977781039
      },
      "subset": {
        "n_subsets": 1000,
        "subset_correlations_mean": -0.08993948373140045,
        "subset_correlations_std": 0.019305382207368375,
        "subset_significances_mean": 5.09161337324862,
        "subset_significances_std": 1.1054199555070303
      }
    },
    "false_positive": {
      "random_data": {
        "n_trials": 10000,
        "random_correlations_mean": 7.364162222840822e-05,
        "random_correlations_std": 0.01579099251538733,
        "random_significances_mean": 0.7921332729931221,
        "random_significances_std": 0.602684746194965,
        "false_positive_rate_5sigma": 0.0,
        "false_positive_rate_3sigma": 0.0026,
        "false_positive_rate_2sigma": 0.0455
      },
      "permutation": {
        "n_permutations": 10000,
        "perm_correlations_mean": -5.9168376534290624e-05,
        "perm_correlations_std": 0.016025499963874944,
        "perm_significances_mean": 0.790838526726549,
        "perm_significances_std": 0.6285631940663046,
        "false_positive_rate_5sigma": 0.0,
        "false_positive_rate_3sigma": 0.0069,
        "false_positive_rate_2sigma": 0.0499
      },
      "artificial": {
        "n_trials": 1000,
        "artificial_correlations_mean": -0.0002710796097770506,
        "artificial_correlations_std": 0.01614518205148184,
        "artificial_significances_mean": 0.8121292028083087,
        "artificial_significances_std": 0.6135322287968359,
        "false_positive_rate_5sigma": 0.0,
        "false_positive_rate_3sigma": 0.004,
        "false_positive_rate_2sigma": 0.047
      }
    },
    "control": {
      "low_energy": {
        "n_photons": 3713,
        "correlation": -0.038425529557315895,
        "significance": 2.342535591177437,
        "energy_range": "< 1 GeV"
      },
      "mid_energy": {
        "n_photons": 249,
        "correlation": -0.09286547807125349,
        "significance": 1.4658298936946341,
        "energy_range": "1-10 GeV"
      },
      "early_time": {
        "n_photons": 993,
        "correlation": -0.00454531176307893,
        "significance": 0.14308858546165518,
        "time_range": "Early (first 25%)"
      },
      "late_time": {
        "n_photons": 993,
        "correlation": -0.09773532950193096,
        "significance": 3.0915239242265993,
        "time_range": "Late (last 25%)"
      }
    }
  },
  "summary": {
    "anomaly_detected": true,
    "significance": "5.46\u03c3",
    "validation_status": "Ultimate validation completed",
    "bias_analysis": "Completed",
    "false_positive_analysis": "Completed",
    "robustness_analysis": "Completed",
    "control_sample_analysis": "Completed"
  }
}