GRB,Redshift,Photons,Correlation,Significance,P_value,RANSAC_slope,RANSAC_inliers,RANSAC_inlier_ratio,E_QG_GeV,E_QG_Planck,Significant
GRB080916C,4.35,320,0.04865870317672602,0.8687380279995076,0.384,0.04164595547359864,164,0.5125,7.983111011225343,6.543533615758479e-19,False
GRB090510,0.903,50,0.15859370154335756,1.112853749314148,0.26,0.0009476258692962329,29,0.58,25.90547682940676,2.123399740115308e-18,False
GRB090902B,1.822,120,-0.08425232573133606,0.9184802209493651,0.254,-0.1361321243247161,72,0.6,0.539568664896626,4.422693974562508e-20,False
GRB130427A,0.34,1800,-0.019427319727475505,0.8239288361842674,0.381,8.206801807934983,991,0.5505555555555556,0.0007930703800204398,6.500576885413441e-23,False
GRB221009A,0.151,2100,0.00669578668100516,0.30670021948819604,0.757,46.33460469447876,1108,0.5276190476190477,5.358568277301582e-05,4.3922690797553956e-24,False
