{
  "basic_properties": {
    "n_photons": 3972,
    "energy_max_gev": 80.82098388671875,
    "energy_min_gev": 0.10002322494983673,
    "time_span_s": 2208.4597454071045,
    "energy_percentiles_gev": [
      0.11525067538022996,
      0.14222731813788414,
      0.21705308556556702,
      0.40211933106184006,
      0.7681292772293091,
      1.191948038339614,
      3.5333944725990265
    ],
    "time_percentiles_s": [
      273582381.89998573,
      273583420.0296787,
      273583541.54975665,
      273583646.51558393,
      273583737.8623543,
      273583788.47002745,
      273583888.6499123
    ],
    "photons_1gev": 259,
    "photons_10gev": 10,
    "photons_30gev": 2,
    "zenith_mean_deg": 107.24129486083984,
    "zenith_std_deg": 26.74579429626465
  },
  "energy_time_correlation": {
    "pearson_correlation": -0.08625484997406917,
    "pearson_significance": 5.455070539634843,
    "spearman_correlation": -0.11577131027784021,
    "spearman_p_value": 2.504367296081406e-13,
    "energy_bin_correlations": [
      0.03190620908973565,
      -0.038842318646329255,
      -0.09012850635195269,
      -0.1220197948553249,
      0.01934244823936287,
      0.21967796319151414,
      NaN,
      NaN,
      NaN
    ],
    "energy_bin_significances": [
      1.4002284923729824,
      1.3216362035714504,
      2.192564342137408,
      1.7472834105622264,
      0.14733526097424673,
      1.0561808992453716,
      NaN,
      NaN,
      NaN
    ]
  },
  "temporal_structure": {
    "n_peaks": 222,
    "peak_times_s": [
      273582268.68495375,
      273582313.68495375,
      273582318.68495375,
      273582325.68495375,
      273582329.68495375,
      273582331.68495375,
      273582333.68495375,
      273582335.68495375,
      273582337.68495375,
      273582340.68495375,
      273582343.68495375,
      273582348.68495375,
      273582352.68495375,
      273582358.68495375,
      273582363.68495375,
      273582365.68495375,
      273582369.68495375,
      273582375.68495375,
      273582381.68495375,
      273582388.68495375,
      273582391.68495375,
      273582395.68495375,
      273582400.68495375,
      273582410.68495375,
      273582413.68495375,
      273582427.68495375,
      273582433.68495375,
      273582438.68495375,
      273582446.68495375,
      273582453.68495375,
      273582520.68495375,
      273582531.68495375,
      273582589.68495375,
      273582610.68495375,
      273582793.68495375,
      273582817.68495375,
      273583186.68495375,
      273583193.68495375,
      273583308.68495375,
      273583311.68495375,
      273583317.68495375,
      273583323.68495375,
      273583329.68495375,
      273583331.68495375,
      273583334.68495375,
      273583336.68495375,
      273583338.68495375,
      273583341.68495375,
      273583344.68495375,
      273583349.68495375,
      273583354.68495375,
      273583358.68495375,
      273583361.68495375,
      273583363.68495375,
      273583367.68495375,
      273583370.68495375,
      273583376.68495375,
      273583381.68495375,
      273583383.68495375,
      273583388.68495375,
      273583390.68495375,
      273583392.68495375,
      273583396.68495375,
      273583400.68495375,
      273583406.68495375,
      273583409.68495375,
      273583413.68495375,
      273583416.68495375,
      273583419.68495375,
      273583421.68495375,
      273583424.68495375,
      273583426.68495375,
      273583429.68495375,
      273583434.68495375,
      273583437.68495375,
      273583440.68495375,
      273583442.68495375,
      273583444.68495375,
      273583448.68495375,
      273583450.68495375,
      273583455.68495375,
      273583457.68495375,
      273583460.68495375,
      273583467.68495375,
      273583470.68495375,
      273583472.68495375,
      273583475.68495375,
      273583479.68495375,
      273583482.68495375,
      273583484.68495375,
      273583487.68495375,
      273583489.68495375,
      273583494.68495375,
      273583497.68495375,
      273583501.68495375,
      273583504.68495375,
      273583507.68495375,
      273583510.68495375,
      273583513.68495375,
      273583515.68495375,
      273583517.68495375,
      273583521.68495375,
      273583524.68495375,
      273583527.68495375,
      273583530.68495375,
      273583533.68495375,
      273583537.68495375,
      273583540.68495375,
      273583544.68495375,
      273583547.68495375,
      273583549.68495375,
      273583552.68495375,
      273583555.68495375,
      273583558.68495375,
      273583561.68495375,
      273583565.68495375,
      273583568.68495375,
      273583570.68495375,
      273583574.68495375,
      273583577.68495375,
      273583580.68495375,
      273583582.68495375,
      273583584.68495375,
      273583586.68495375,
      273583590.68495375,
      273583593.68495375,
      273583595.68495375,
      273583598.68495375,
      273583601.68495375,
      273583603.68495375,
      273583605.68495375,
      273583608.68495375,
      273583612.68495375,
      273583614.68495375,
      273583616.68495375,
      273583620.68495375,
      273583622.68495375,
      273583626.68495375,
      273583629.68495375,
      273583635.68495375,
      273583638.68495375,
      273583641.68495375,
      273583643.68495375,
      273583647.68495375,
      273583649.68495375,
      273583651.68495375,
      273583657.68495375,
      273583659.68495375,
      273583661.68495375,
      273583664.68495375,
      273583667.68495375,
      273583670.68495375,
      273583674.68495375,
      273583676.68495375,
      273583678.68495375,
      273583681.68495375,
      273583684.68495375,
      273583687.68495375,
      273583690.68495375,
      273583693.68495375,
      273583695.68495375,
      273583699.68495375,
      273583701.68495375,
      273583705.68495375,
      273583707.68495375,
      273583710.68495375,
      273583712.68495375,
      273583714.68495375,
      273583717.68495375,
      273583721.68495375,
      273583723.68495375,
      273583725.68495375,
      273583730.68495375,
      273583734.68495375,
      273583736.68495375,
      273583740.68495375,
      273583742.68495375,
      273583745.68495375,
      273583747.68495375,
      273583750.68495375,
      273583753.68495375,
      273583755.68495375,
      273583757.68495375,
      273583759.68495375,
      273583761.68495375,
      273583763.68495375,
      273583767.68495375,
      273583770.68495375,
      273583774.68495375,
      273583777.68495375,
      273583780.68495375,
      273583783.68495375,
      273583786.68495375,
      273583790.68495375,
      273583793.68495375,
      273583797.68495375,
      273583800.68495375,
      273583804.68495375,
      273583808.68495375,
      273583810.68495375,
      273583813.68495375,
      273583818.68495375,
      273583820.68495375,
      273583823.68495375,
      273583826.68495375,
      273583840.68495375,
      273583843.68495375,
      273583845.68495375,
      273583848.68495375,
      273583851.68495375,
      273583853.68495375,
      273583859.68495375,
      273583867.68495375,
      273583870.68495375,
      273583873.68495375,
      273583877.68495375,
      273583883.68495375,
      273583887.68495375,
      273583892.68495375,
      273583897.68495375,
      273583901.68495375,
      273583904.68495375
    ],