GRB,Redshift,Photons,Correlation,Significance,P_value,RANSAC_slope,RANSAC_inliers,RANSAC_inlier_ratio,E_QG_GeV,E_QG_Planck,Time_delay_range,Time_delay_mean,Time_delay_std,Significant,Validation_score
GRB201216C,1.1,1100,0.01896977757123444,0.6286972543755964,0.52068,0.03175255793297213,625,0.5681818181818182,1.0392863488245943,8.518740564136019e-20,3.30e-22 - 1.89e-19,2.256014953915769e-21,9.194816534593257e-21,False,0.16666666666666666
