Analysis,Photons,Correlation,Significance,P_value,RANSAC_slope,RANSAC_inliers,RANSAC_inlier_ratio,Significant,E_QG_GeV,E_QG_Planck
GW+GRB Correlation,100,-0.05763934523783083,0.5715506258569308,0.601,-0.025312187953750065,48,0.48,False,,
GRB Energy-Time,100,-0.04235122565415765,0.4196322445418491,0.67,-0.09446166490836747,49,0.49,False,0.0015120283389485597,1.2393674909414422e-22
