{
  "analysis_date": "2025-10-21T14:06:38.778434",
  "analysis_type": "MASSIVE_REAL_DATA",
  "total_grbs": 5,
  "qg_effects_detected": 0,
  "success_rate": 0.0,
  "qg_effects": [],
  "grb_results": {
    "GRB090902B": {
      "grb_name": "GRB090902B",
      "redshift": 1.822,
      "n_photons": 120,
      "energy_range": [
        0.1000571845955923,
        21.784015987451046
      ],
      "time_range": [
        0.004895508289337158,
        9.282359838485718
      ],
      "pearson_r": 0.11096001053006095,
      "pearson_p": 0.22761973102762403,
      "spearman_r": 0.18860337523439125,
      "spearman_p": 0.039115104841594174,
      "sigma": 1.2128235786157275,
      "permutation_p": 0.2002,
      "bootstrap_ci": "[-0.03120945  0.23774665]",
      "ransac_slope": 0.7437658846290824,
      "ransac_inliers": "63",
      "ransac_inlier_ratio": 0.525,
      "E_QG_GeV": 0.09875772751806108,
      "E_QG_Planck": 8.094895698201728e-21,
      "significant": "False"
    },
    "GRB080916C": {
      "grb_name": "GRB080916C",
      "redshift": 4.35,
      "n_photons": 320,
      "energy_range": [
        0.10008452394213085,
        98.1177904426225
      ],
      "time_range": [
        0.019655585289001465,
        41.85641852021217
      ],
      "pearson_r": -0.04379902873927273,
      "pearson_p": 0.43491451460057673,
      "spearman_r": -0.04348504379925586,
      "spearman_p": 0.4382174755909708,
      "sigma": 0.7817988108239086,
      "permutation_p": 0.3352,
      "bootstrap_ci": "[-0.09789123  0.02647712]",
      "ransac_slope": 2.363859214964973,
      "ransac_inliers": "171",
      "ransac_inlier_ratio": 0.534375,
      "E_QG_GeV": 0.1406447065923137,
      "E_QG_Planck": 1.1528254638714238e-20,
      "significant": "False"
    },
    "GRB090510": {
      "grb_name": "GRB090510",
      "redshift": 0.903,
      "n_photons": 100,
      "energy_range": [
        0.10024028637534306,
        14.110318824818112
      ],
      "time_range": [
        0.00017186999320983887,
        0.17705509066581726
      ],
      "pearson_r": -0.039708450607548976,
      "pearson_p": 0.6948757682945415,
      "spearman_r": -0.07104131725599709,
      "spearman_p": 0.48244865374901924,
      "sigma": 0.39340388004290544,
      "permutation_p": 0.6926,
      "bootstrap_ci": "[-0.19210197  0.06703739]",
      "ransac_slope": 0.0026445654833335834,
      "ransac_inliers": "54",
      "ransac_inlier_ratio": 0.54,
      "E_QG_GeV": 9.282696970337582,
      "E_QG_Planck": 7.608768008473429e-19,
      "significant": "False"
    },
    "GRB130427A": {
      "grb_name": "GRB130427A",
      "redshift": 0.34,
      "n_photons": 1800,
      "energy_range": [
        0.10041237827597854,
        46.73892609008703
      ],
      "time_range": [
        0.012531638145446777,
        110.29813516139984
      ],
      "pearson_r": 0.03676700211560613,
      "pearson_p": 0.11891701697129782,
      "spearman_r": -0.008828336058128414,
      "spearman_p": 0.7081798816912088,
      "sigma": 1.5600797680063214,
      "permutation_p": 0.105,
      "bootstrap_ci": "[-0.02130605  0.12020438]",
      "ransac_slope": 2.5843602732128117,
      "ransac_inliers": "900",
      "ransac_inlier_ratio": 0.5,
      "E_QG_GeV": 0.0025184458591294384,
      "E_QG_Planck": 2.0642998845323267e-22,
      "significant": "False"
    },
    "GRB221009A": {
      "grb_name": "GRB221009A",
      "redshift": 0.151,
      "n_photons": 2100,
      "energy_range": [
        0.10000881149306191,
        98.38880353029289
      ],
      "time_range": [
        0.04660749435424805,
        406.6298179626465
      ],
      "pearson_r": -0.018396933126339422,
      "pearson_p": 0.3994394708297703,
      "spearman_r": 0.031902917503091106,
      "spearman_p": 0.14388461636399696,
      "sigma": 0.84279446920357,
      "permutation_p": 0.3902,
      "bootstrap_ci": "[-0.04831238  0.0195644 ]",
      "ransac_slope": 0.9182215792901,
      "ransac_inliers": "1078",
      "ransac_inlier_ratio": 0.5133333333333333,
      "E_QG_GeV": 0.0027040003029453943,
      "E_QG_Planck": 2.216393690938848e-22,
      "significant": "False"
    }
  }
}