Instrument,Photons,Correlation,Significance,P_value,RANSAC_slope,RANSAC_inliers,RANSAC_inlier_ratio,Significant
Swift_BAT,1000,-0.03057938029213065,0.9664894097838631,0.324,-48.42580851934792,470,0.47,False
Swift_GBM,2000,-0.018969273160542855,0.8480600073316199,0.413,-278.21906688550655,1091,0.5455,False
LHAASO,500,0.07340821409221926,1.642603143960319,0.106,0.005479670683602892,246,0.492,False
Combined,3503,-0.005626555127810536,0.33292430999627,0.749,-0.010060152587065269,1902,0.5429631744219241,False
