GRB,Redshift,Photons,Correlation,Significance,P_value,RANSAC_slope,RANSAC_inliers,RANSAC_inlier_ratio,Significant
GRB090902B,1.822,120,-0.12150439941079752,1.3297277143930435,0.159,0.11087036715443707,67,0.5583333333333333,False
GRB080916C,4.35,320,-0.1031193016057697,1.848736187739974,0.062,0.08165854930092699,181,0.565625,False
GRB090510,0.903,100,0.15575122833915436,1.560907321576524,0.084,0.003871790855353212,60,0.6,False
GRB130427A,0.34,1800,-0.007328008573717304,0.31073664582622423,0.748,1.401158425340985,1008,0.56,False
GRB221009A,0.151,2100,0.015319526497522575,0.7017768728492514,0.464,13.865794342889766,992,0.4723809523809524,False
