{
  "timestamp": "2025-10-21T02:10:46.105700",
  "grb_name": "GRB080916C",
  "filename": "L251020154246F357373F64_EV00.fits",
  "n_events": 516,
  "base_correlation": -0.030010886739925302,
  "base_significance": 0.6807004690126377,
  "validation_results": {
    "robustness": {
      "extreme_energy_filters": {
        "filter_0.01_gev": {
          "filter_gev": 0.01,
          "n_photons": 516,
          "correlation": -0.030010886739925302,
          "significance": 0.6807004690126377
        },
        "filter_0.1_gev": {
          "filter_gev": 0.1,
          "n_photons": 516,
          "correlation": -0.030010886739925302,
          "significance": 0.6807004690126377
        },
        "filter_1.0_gev": {
          "filter_gev": 1.0,
          "n_photons": 31,
          "correlation": -0.09698536237200397,
          "significance": 0.5247559606362904
        }
      },
      "correlation_methods": {
        "pearson": {
          "correlation": -0.030010886739925302,
          "significance": 0.6807004690126377
        },
        "spearman": {
          "correlation": -0.009015924146855194,
          "significance": 0.20430989635351823,
          "p_value": 0.8381113369110582
        },
        "kendall": {
          "correlation": -0.009136750206969217,
          "significance": 0.3102680782597942,
          "p_value": 0.7563571039900013
        }
      }
    },
    "bias": {
      "randomization": {
        "n_randomizations": 1000,
        "random_correlations_mean": 4.6592529198246744e-05,
        "random_correlations_std": 0.04415740578011316,
        "random_significances_mean": 0.7906294581205755,
        "random_significances_std": 0.6198036909759118
      }
    },
    "false_positive": {
      "random_data": {
        "n_trials": 10000,
        "random_correlations_mean": 2.784197352903726e-05,
        "random_correlations_std": 0.04374926366657878,
        "random_significances_mean": 0.7925223036833576,
        "random_significances_std": 0.6011988139411244,
        "false_positive_rate_5sigma": 0.0,
        "false_positive_rate_3sigma": 0.0038,
        "false_positive_rate_2sigma": 0.0447
      }
    },
    "control": {
      "low_energy": {
        "n_photons": 485,
        "correlation": -0.12396254029611,
        "significance": 2.745533679717001,
        "energy_range": "< 1 GeV"
      }
    }
  },
  "summary": {
    "anomaly_detected": false,
    "significance": "0.68\u03c3",
    "validation_status": "Ultimate validation completed",
    "bias_analysis": "Completed",
    "false_positive_analysis": "Completed",
    "robustness_analysis": "Completed",
    "control_sample_analysis": "Completed"
  }
}